{"cameraMode":{"drawMode":0,"name":"Shaded","section":"Shading Mode"},"sceneLighting":true,"audioPlay":false,"sceneViewState":{"showFog":true,"showMaterialUpdate":false,"showSkybox":true,"showFlares":true,"showImageEffects":true,"showParticleSystems":true},"in2DMode":false,"pivot":{"x":0.40752896666526797,"y":0.004311882890760899,"z":0.34599927067756655},"rotation":{"x":0.008759395219385624,"y":0.9372830986976624,"z":0.02361568622291088,"w":-0.3476666212081909},"size":1.9865739345550538,"orthographic":false}