{"cameraMode":{"drawMode":0,"name":"Shaded","section":"Shading Mode"},"sceneLighting":true,"audioPlay":false,"sceneViewState":{"showFog":true,"showMaterialUpdate":false,"showSkybox":true,"showFlares":true,"showImageEffects":true,"showParticleSystems":true},"in2DMode":false,"pivot":{"x":0.48385176062583926,"y":2.7322254180908205,"z":-4.141233444213867},"rotation":{"x":-0.23742765188217164,"y":0.06754381954669953,"z":-0.016551069915294648,"w":-0.9689151644706726},"size":1.8073949813842774,"orthographic":false}