{"cameraMode":{"drawMode":0,"name":"Shaded","section":"Shading Mode"},"sceneLighting":true,"audioPlay":false,"sceneViewState":{"showFog":true,"showMaterialUpdate":false,"showSkybox":true,"showFlares":true,"showImageEffects":true,"showParticleSystems":true},"in2DMode":false,"pivot":{"x":3.5229012966156008,"y":6.691433906555176,"z":4.15194034576416},"rotation":{"x":0.0060952831991016869,"y":0.9857907295227051,"z":0.0366789847612381,"w":-0.1638413816690445},"size":7.712192535400391,"orthographic":false}